secondary_filter_name,selected_count,avg_test_reversal_rate,median_test_forward_14d_median,avg_test_forward_14d_mean,total_test_count
quote_vol_top_half,23,0.6870342955485833,-0.12631263525523767,-0.026406108754058605,2074
ret_7d_top_half,1,0.6415094339622641,-0.20318320352184216,-0.00485850363453358,53
